"file","line","column","kind","raw_string","suggested_key","context"
"app/applications/erp/etudes/components/caution-tracker/caution-tracker.component.ts","16","33","inline_template_text","Définitive","etudes.components.text.definitive",">…<"
"app/applications/erp/etudes/components/caution-tracker/caution-tracker.component.ts","24","14","inline_template_text","Total cautions","etudes.components.text.total-cautions",">…<"
"app/applications/erp/etudes/components/composants-editor/composants-editor.component.html","6","28","template_text","Sous-détail = matériaux + main d'œuvre + frais généraux + bénéfice","etudes.components.text.sous-detail-materiaux-main-uvre",">…<"
"app/applications/erp/etudes/components/composants-editor/composants-editor.component.html","23","12","template_text","Unité","etudes.components.text.unite",">…<"
"app/applications/erp/etudes/components/composants-editor/composants-editor.component.html","26","29","template_text","Total MAD","etudes.components.text.total-mad",">…<"
"app/applications/erp/etudes/components/composants-editor/composants-editor.component.html","97","15","template_attr","Supprimer","etudes.components.label.supprimer","aria-label=…"
"app/applications/erp/etudes/components/composants-editor/composants-editor.component.html","106","32","template_text","Main d'œuvre","etudes.components.text.main-uvre",">…<"
"app/applications/erp/etudes/components/composants-editor/composants-editor.component.html","133","41","template_text","Sous-total déboursés","etudes.components.text.sous-total-debourses",">…<"
"app/applications/erp/etudes/components/composants-editor/composants-editor.component.html","138","24","template_text","Frais généraux","etudes.components.text.frais-generaux",">…<"
"app/applications/erp/etudes/components/composants-editor/composants-editor.component.html","153","24","template_text","Bénéfice","etudes.components.text.benefice",">…<"
"app/applications/erp/etudes/components/dpgf-editor/dpgf-editor.component.html","12","29","template_text","DPGF — Décomposition prix global et forfaitaire","etudes.components.text.dpgf-decomposition-prix-global",">…<"
"app/applications/erp/etudes/components/dpgf-editor/dpgf-editor.component.html","30","14","template_text","Désignation","etudes.components.text.designation",">…<"
"app/applications/erp/etudes/components/dpgf-editor/dpgf-editor.component.html","32","14","template_text","Unité","etudes.components.text.unite",">…<"
"app/applications/erp/etudes/components/dpgf-editor/dpgf-editor.component.html","35","32","template_text","Total HT","etudes.components.text.total-ht",">…<"
"app/applications/erp/etudes/components/dpgf-editor/dpgf-editor.component.html","77","19","template_attr","Ajouter ouvrage au chapitre","etudes.components.label.ajouter-ouvrage-au-chapitre","aria-label=…"
"app/applications/erp/etudes/components/dpgf-editor/dpgf-editor.component.html","87","19","template_attr","Supprimer le chapitre","etudes.components.label.supprimer-le-chapitre","aria-label=…"
"app/applications/erp/etudes/components/dpgf-editor/dpgf-editor.component.html","163","19","template_attr","Supprimer la ligne","etudes.components.label.supprimer-la-ligne","aria-label=…"
"app/applications/erp/etudes/components/dpgf-editor/dpgf-editor.component.html","186","19","template_attr","Supprimer la note","etudes.components.label.supprimer-la-note","aria-label=…"
"app/applications/erp/etudes/components/dpgf-editor/dpgf-editor.component.html","196","52","template_text","Total HT (avant remise globale)","etudes.components.text.total-ht-avant-remise",">…<"
"app/applications/erp/etudes/components/metre-table-editor/metre-table-editor.component.html","9","28","template_text","Formules acceptées : L*l*h*N, (L*l)-(L1*l1), etc.","etudes.components.text.formules-acceptees-l1-l1",">…<"
"app/applications/erp/etudes/components/metre-table-editor/metre-table-editor.component.html","30","14","template_text","Désignation","etudes.components.text.designation",">…<"
"app/applications/erp/etudes/components/metre-table-editor/metre-table-editor.component.html","36","14","template_text","Unité","etudes.components.text.unite",">…<"
"app/applications/erp/etudes/components/metre-table-editor/metre-table-editor.component.html","60","17","template_attr","Désignation libre","etudes.components.label.designation-libre","placeholder=…"
"app/applications/erp/etudes/components/metre-table-editor/metre-table-editor.component.html","144","17","template_attr","Supprimer la ligne","etudes.components.label.supprimer-la-ligne","aria-label=…"
"app/applications/erp/etudes/components/metre-table-editor/metre-table-editor.component.html","153","51","template_text","Total estimé","etudes.components.text.total-estime",">…<"
"app/applications/erp/etudes/mock/etudes-mock.service.ts","187","7","error","Métré ${id} introuvable","etudes.mock.error.metre-id-introuvable","throw new Error(…)"
"app/applications/erp/etudes/mock/etudes-mock.service.ts","289","7","error","Métré ${metreId} introuvable","etudes.mock.error.metre-metreid-introuvable","throw new Error(…)"
"app/applications/erp/pages/chantiers/attachements/attachement-listing/attachement-listing.page.ts","27","25","status_label","Signé MOE","chantiers.attachements.status.signe-moe","STATUS_LABELS.SIGNE_MOE"
"app/applications/erp/pages/chantiers/attachements/attachement-listing/attachement-listing.page.ts","28","25","status_label","Contresigné MOA","chantiers.attachements.status.contresigne-moa","STATUS_LABELS.CONTRESIGNE_MOA"
"app/applications/erp/pages/chantiers/attachements/attachement-listing/attachement-listing.page.ts","29","37","status_label","Contesté","chantiers.attachements.status.conteste","STATUS_LABELS.CONTESTE"
"app/applications/erp/pages/chantiers/attachements/attachement-listing/attachement-listing.page.ts","43","45","inline_template_attr","Chantier, date…","chantiers.attachements.label.chantier-date","placeholder=…"
"app/applications/erp/pages/chantiers/attachements/attachement-listing/attachement-listing.page.ts","46","27","inline_template_text","Tous les statuts","chantiers.attachements.text.tous-les-statuts",">…<"
"app/applications/erp/pages/chantiers/attachements/attachement-listing/attachement-listing.page.ts","69","36","inline_template_text","✍️ Signé","chantiers.attachements.text.signe",">…<"
"app/applications/erp/pages/chantiers/attachements/attachement-listing/attachement-listing.page.ts","77","34","inline_template_text","Désignation","chantiers.attachements.text.designation",">…<"
"app/applications/erp/pages/chantiers/attachements/attachement-listing/attachement-listing.page.ts","77","66","inline_template_text","Qté exécutée","chantiers.attachements.text.qte-executee",">…<"
"app/applications/erp/pages/chantiers/attachements/attachement-listing/attachement-listing.page.ts","77","87","inline_template_text","Unité","chantiers.attachements.text.unite",">…<"
"app/applications/erp/pages/chantiers/attachements/attachement-listing/attachement-listing.page.ts","93","29","inline_template_text","Aucun attachement trouvé.","chantiers.attachements.text.aucun-attachement-trouve",">…<"
"app/applications/erp/pages/chantiers/attachements/attachement-saisie/attachement-saisie.page.ts","40","35","inline_template_text","Ensoleillé","chantiers.attachements.text.ensoleille",">…<"
"app/applications/erp/pages/chantiers/attachements/attachement-saisie/attachement-saisie.page.ts","54","21","inline_template_text","Lignes exécutées","chantiers.attachements.text.lignes-executees",">…<"
"app/applications/erp/pages/chantiers/attachements/attachement-saisie/attachement-saisie.page.ts","58","36","inline_template_attr","Désignation","chantiers.attachements.label.designation","placeholder=…"
"app/applications/erp/pages/chantiers/attachements/attachement-saisie/attachement-saisie.page.ts","60","34","inline_template_attr","Unité","chantiers.attachements.label.unite","placeholder=…"
"app/applications/erp/pages/chantiers/attachements/attachement-saisie/attachement-saisie.page.ts","67","21","inline_template_text","Signature MOE (démo)","chantiers.attachements.text.signature-moe-demo",">…<"
"app/applications/erp/pages/chantiers/attachements/attachement-saisie/attachement-saisie.page.ts","68","22","inline_template_text","Signez dans le cadre ci-dessous (aperçu PNG léger, stocké avec le brouillon).","chantiers.attachements.text.signez-dans-le-cadre",">…<"
"app/applications/erp/pages/chantiers/avancements/avancement-saisie/avancement-saisie.page.html","3","69","template_text","← Retour","chantiers.avancements.text.retour",">…<"
"app/applications/erp/pages/chantiers/avancements/avancement-saisie/avancement-saisie.page.html","25","16","template_text","Date *","chantiers.avancements.text.date",">…<"
"app/applications/erp/pages/chantiers/avancements/avancement-saisie/avancement-saisie.page.html","35","14","template_text","Lots a saisir","chantiers.avancements.text.lots-saisir",">…<"
"app/applications/erp/pages/chantiers/avancements/avancement-saisie/avancement-saisie.page.html","50","18","template_text","Ajouter un lot","chantiers.avancements.text.ajouter-un-lot",">…<"
"app/applications/erp/pages/chantiers/avancements/avancement-saisie/avancement-saisie.page.html","52","39","template_text","Choisir un lot supplementaire","chantiers.avancements.text.choisir-un-lot-supplementaire",">…<"
"app/applications/erp/pages/chantiers/avancements/avancement-saisie/avancement-saisie.page.html","84","14","template_text","Validation soft en cas de cumul superieur au total","chantiers.avancements.text.validation-soft-en-cas",">…<"
"app/applications/erp/pages/chantiers/avancements/avancement-saisie/avancement-saisie.page.ts","40","6","alert","${count} lot(s) enregistres en brouillon.","chantiers.avancements.confirm.count-lot-enregistres-en","alert(…)"
"app/applications/erp/pages/chantiers/avancements/avancement-saisie/components/photo-uploader/photo-uploader.component.html","9","10","template_text","📷 Ajouter photo","chantiers.avancements.text.ajouter-photo",">…<"
"app/applications/erp/pages/chantiers/avancements/services/avancement-mock.service.ts","185","7","error","Utilisateur de saisie introuvable","chantiers.avancements.error.utilisateur-de-saisie-introuvable","throw new Error(…)"
"app/applications/erp/pages/chantiers/avancements/services/avancement-mock.service.ts","249","7","error","Avancement à modifier introuvable","chantiers.avancements.error.avancement-modifier-introuvable","throw new Error(…)"
"app/applications/erp/pages/chantiers/avancements/services/avancement.facade.ts","161","9","error","Saisie à modifier introuvable.","chantiers.avancements.error.saisie-modifier-introuvable","throw new Error(…)"
"app/applications/erp/pages/chantiers/avancements/services/avancement.facade.ts","272","7","error","Choisissez un chantier avant de poursuivre.","chantiers.avancements.error.choisissez-un-chantier-avant","throw new Error(…)"
"app/applications/erp/pages/chantiers/avancements/services/avancement.facade.ts","285","7","error","Saisissez au moins une quantite periode positive.","chantiers.avancements.error.saisissez-au-moins-une","throw new Error(…)"
"app/applications/erp/pages/chantiers/avancements/services/avancement.facade.ts","294","9","error","La modification V1 ne supporte qu\'une seule ligne a la fois.","chantiers.avancements.error.la-modification-v1-ne","throw new Error(…)"
"app/applications/erp/pages/chantiers/budget/budget-chantier-detail/budget-chantier-detail.page.ts","40","66","inline_template_text","Retour à la vue consolidée","chantiers.budget.text.retour-la-vue-consolidee",">…<"
"app/applications/erp/pages/chantiers/budget/budget-chantier-detail/budget-chantier-detail.page.ts","51","27","inline_template_text","Réalisé","chantiers.budget.text.realise",">…<"
"app/applications/erp/pages/chantiers/budget/budget-chantier-detail/budget-chantier-detail.page.ts","64","18","inline_template_text","Reste a engager","chantiers.budget.text.reste-engager",">…<"
"app/applications/erp/pages/chantiers/budget/budget-chantier-detail/budget-chantier-detail.page.ts","68","18","inline_template_text","Reste a executer","chantiers.budget.text.reste-executer",">…<"
"app/applications/erp/pages/chantiers/budget/budget-chantier-detail/budget-chantier-detail.page.ts","89","81","inline_template_text","Reviser le budget","chantiers.budget.text.reviser-le-budget",">…<"
"app/applications/erp/pages/chantiers/budget/budget-chantier-detail/budget-chantier-detail.page.ts","104","24","inline_template_text","Révisé","chantiers.budget.text.revise",">…<"
"app/applications/erp/pages/chantiers/budget/budget-chantier-detail/budget-chantier-detail.page.ts","105","24","inline_template_text","Engagé","chantiers.budget.text.engage",">…<"
"app/applications/erp/pages/chantiers/budget/budget-chantier-detail/budget-chantier-detail.page.ts","106","24","inline_template_text","Réalisé","chantiers.budget.text.realise",">…<"
"app/applications/erp/pages/chantiers/budget/budget-chantier-detail/budget-chantier-detail.page.ts","107","24","inline_template_text","Réalisé matière (stock)","chantiers.budget.text.realise-matiere-stock",">…<"
"app/applications/erp/pages/chantiers/budget/budget-chantier-detail/budget-chantier-detail.page.ts","109","24","inline_template_text","Écart","chantiers.budget.text.ecart",">…<"
"app/applications/erp/pages/chantiers/budget/budget-chantier-detail/budget-chantier-detail.page.ts","134","34","inline_template_text","Drilldown matériaux","chantiers.budget.text.drilldown-materiaux",">…<"
"app/applications/erp/pages/chantiers/budget/budget-chantier-detail/budget-chantier-detail.page.ts","135","36","inline_template_text","Articles consommés sur le chantier","chantiers.budget.text.articles-consommes-sur-le",">…<"
"app/applications/erp/pages/chantiers/budget/budget-chantier-detail/budget-chantier-detail.page.ts","141","38","inline_template_text","Qté budget","chantiers.budget.text.qte-budget",">…<"
"app/applications/erp/pages/chantiers/budget/budget-chantier-detail/budget-chantier-detail.page.ts","142","38","inline_template_text","Qté cmd","chantiers.budget.text.qte-cmd",">…<"
"app/applications/erp/pages/chantiers/budget/budget-chantier-detail/budget-chantier-detail.page.ts","143","38","inline_template_text","Qté livr","chantiers.budget.text.qte-livr",">…<"
"app/applications/erp/pages/chantiers/budget/budget-chantier-detail/budget-chantier-detail.page.ts","144","38","inline_template_text","Qté cons","chantiers.budget.text.qte-cons",">…<"
"app/applications/erp/pages/chantiers/budget/budget-chantier-detail/budget-chantier-detail.page.ts","145","38","inline_template_text","Réalisé stock","chantiers.budget.text.realise-stock",">…<"
"app/applications/erp/pages/chantiers/budget/budget-chantier-detail/budget-chantier-detail.page.ts","146","38","inline_template_text","Mt réalisé","chantiers.budget.text.mt-realise",">…<"
"app/applications/erp/pages/chantiers/budget/budget-chantier-detail/budget-chantier-detail.page.ts","166","43","inline_template_text","Voir sorties","chantiers.budget.text.voir-sorties",">…<"
"app/applications/erp/pages/chantiers/budget/budget-chantier-detail/budget-chantier-detail.page.ts","182","24","inline_template_text","Total","chantiers.budget.text.total",">…<"
"app/applications/erp/pages/chantiers/budget/budget-chantier-detail/budget-chantier-detail.page.ts","202","24","inline_template_text","Révisé","chantiers.budget.text.revise",">…<"
"app/applications/erp/pages/chantiers/budget/budget-chantier-detail/budget-chantier-detail.page.ts","203","24","inline_template_text","Engagé","chantiers.budget.text.engage",">…<"
"app/applications/erp/pages/chantiers/budget/budget-chantier-detail/budget-chantier-detail.page.ts","204","24","inline_template_text","Réalisé","chantiers.budget.text.realise",">…<"
"app/applications/erp/pages/chantiers/budget/budget-chantier-detail/budget-chantier-detail.page.ts","206","24","inline_template_text","Écart","chantiers.budget.text.ecart",">…<"
"app/applications/erp/pages/chantiers/budget/budget-chantier-detail/components/budget-evolution-chart/budget-evolution-chart.component.ts","15","11","inline_template_text","Empile realise + engage face au budget mensuel.","chantiers.budget.text.empile-realise-engage-face",">…<"
"app/applications/erp/pages/chantiers/budget/budget-chantier-detail/components/engagements-list/engagements-list.component.ts","15","11","inline_template_text","BC et contrats lies au chantier avec leur statut de suivi.","chantiers.budget.text.bc-et-contrats-lies",">…<"
"app/applications/erp/pages/chantiers/budget/budget-chantier-detail/components/engagements-list/engagements-list.component.ts","20","16","inline_template_text","Référence","chantiers.budget.text.reference",">…<"
"app/applications/erp/pages/chantiers/budget/budget-chantier-detail/components/engagements-list/engagements-list.component.ts","23","16","inline_template_text","Montant","chantiers.budget.text.montant",">…<"
"app/applications/erp/pages/chantiers/budget/budget-chantier-detail/components/engagements-list/engagements-list.component.ts","25","16","inline_template_text","Date","chantiers.budget.text.date",">…<"
"app/applications/erp/pages/chantiers/budget/budget-chantier-detail/components/engagements-list/engagements-list.component.ts","39","46","inline_template_text","Aucun engagement lie a ce chantier.","chantiers.budget.text.aucun-engagement-lie-ce",">…<"
"app/applications/erp/pages/chantiers/budget/budget-chantier-detail/components/revisions-history/revisions-history.component.ts","14","12","inline_template_text","Avenants et revisions","chantiers.budget.text.avenants-et-revisions",">…<"
"app/applications/erp/pages/chantiers/budget/budget-chantier-detail/components/revisions-history/revisions-history.component.ts","15","11","inline_template_text","Historique des ajustements budgetaires et pieces jointes associees.","chantiers.budget.text.historique-des-ajustements-budgetaires",">…<"
"app/applications/erp/pages/chantiers/budget/budget-chantier-detail/components/revisions-history/revisions-history.component.ts","31","27","inline_template_text","Aucune revision historique.","chantiers.budget.text.aucune-revision-historique",">…<"
"app/applications/erp/pages/chantiers/budget/budget-chantier-listing/budget-chantier-listing.page.ts","19","14","inline_template_text","Suivi consolide des chantiers","chantiers.budget.text.suivi-consolide-des-chantiers",">…<"
"app/applications/erp/pages/chantiers/budget/budget-chantier-listing/budget-chantier-listing.page.ts","20","37","inline_template_text","Vision multi-chantiers des budgets, engagements, realise et marge projetee.","chantiers.budget.text.vision-multi-chantiers-des-budgets",">…<"
"app/applications/erp/pages/chantiers/budget/budget-chantier-listing/budget-chantier-listing.page.ts","28","18","inline_template_text","Réalisé","chantiers.budget.text.realise",">…<"
"app/applications/erp/pages/chantiers/budget/budget-chantier-listing/budget-chantier-listing.page.ts","39","136","inline_template_text","En cours","chantiers.budget.text.en-cours",">…<"
"app/applications/erp/pages/chantiers/budget/budget-chantier-listing/budget-chantier-listing.page.ts","44","31","inline_template_text","Toutes consommations","chantiers.budget.text.toutes-consommations",">…<"
"app/applications/erp/pages/chantiers/budget/budget-chantier-listing/budget-chantier-listing.page.ts","52","31","inline_template_text","Toutes marges","chantiers.budget.text.toutes-marges",">…<"
"app/applications/erp/pages/chantiers/budget/budget-chantier-listing/budget-chantier-listing.page.ts","58","136","inline_template_text","En alerte","chantiers.budget.text.en-alerte",">…<"
"app/applications/erp/pages/chantiers/budget/budget-chantier-listing/budget-chantier-listing.page.ts","70","18","inline_template_text","Réalisé","chantiers.budget.text.realise",">…<"
"app/applications/erp/pages/chantiers/budget/budget-chantier-listing/budget-chantier-listing.page.ts","71","18","inline_template_text","Reste a engager","chantiers.budget.text.reste-engager",">…<"
"app/applications/erp/pages/chantiers/budget/components/reviser-budget-dialog/reviser-budget-dialog.component.ts","34","13","inline_template_text","Révision budget","chantiers.budget.text.revision-budget",">…<"
"app/applications/erp/pages/chantiers/budget/components/reviser-budget-dialog/reviser-budget-dialog.component.ts","46","16","inline_template_text","Après","chantiers.budget.text.apres",">…<"
"app/applications/erp/pages/chantiers/budget/components/reviser-budget-dialog/reviser-budget-dialog.component.ts","57","25","inline_template_text","Δ total :","chantiers.budget.text.total",">…<"
"app/applications/erp/pages/chantiers/budget/components/reviser-budget-dialog/reviser-budget-dialog.component.ts","65","19","inline_template_text","Pièce justificative","chantiers.budget.text.piece-justificative",">…<"
"app/applications/erp/pages/chantiers/budget/components/reviser-budget-dialog/reviser-budget-dialog.component.ts","70","45","inline_template_text","Annuler","chantiers.budget.text.annuler",">…<"
"app/applications/erp/pages/chantiers/budget/components/reviser-budget-dialog/reviser-budget-dialog.component.ts","71","73","inline_template_text","Enregistrer","chantiers.budget.text.enregistrer",">…<"
"app/applications/erp/pages/chantiers/chantier-detail/chantier-detail.page.ts","24","23","status_label","En cours","chantiers.chantier-detail.status.en-cours","STATUS_LABELS.EN_COURS"
"app/applications/erp/pages/chantiers/chantier-detail/chantier-detail.page.ts","26","23","status_label","Terminé","chantiers.chantier-detail.status.termine","STATUS_LABELS.TERMINE"
"app/applications/erp/pages/chantiers/chantier-detail/chantier-detail.page.ts","27","21","status_label","Réceptionné","chantiers.chantier-detail.status.receptionne","STATUS_LABELS.RECEPTIONNE"
"app/applications/erp/pages/chantiers/chantier-detail/chantier-detail.page.ts","28","29","status_label","Clôturé","chantiers.chantier-detail.status.cloture","STATUS_LABELS.CLOTURE"
"app/applications/erp/pages/chantiers/chantier-detail/chantier-detail.page.ts","29","21","status_label","Annulé","chantiers.chantier-detail.status.annule","STATUS_LABELS.ANNULE"
"app/applications/erp/pages/chantiers/chantier-detail/chantier-detail.page.ts","44","1","status_label","Planifié","chantiers.chantier-detail.status.planifie","PHASE_STATUS_LABELS.PLANIFIE"
"app/applications/erp/pages/chantiers/chantier-detail/chantier-detail.page.ts","45","23","status_label","En cours","chantiers.chantier-detail.status.en-cours","PHASE_STATUS_LABELS.EN_COURS"
"app/applications/erp/pages/chantiers/chantier-detail/chantier-detail.page.ts","46","23","status_label","Terminé","chantiers.chantier-detail.status.termine","PHASE_STATUS_LABELS.TERMINE"
"app/applications/erp/pages/chantiers/chantier-detail/chantier-detail.page.ts","47","21","status_label","En retard","chantiers.chantier-detail.status.en-retard","PHASE_STATUS_LABELS.EN_RETARD"
"app/applications/erp/pages/chantiers/chantier-detail/chantier-detail.page.ts","59","1","type_label","Bâtiment","chantiers.chantier-detail.label.batiment","TYPE_LABELS.BATIMENT"
"app/applications/erp/pages/chantiers/chantier-detail/chantier-detail.page.ts","62","13","type_label","Gros œuvre","chantiers.chantier-detail.label.gros-uvre","TYPE_LABELS.GO"
"app/applications/erp/pages/chantiers/chantier-detail/chantier-detail.page.ts","64","13","type_label","Réhabilitation","chantiers.chantier-detail.label.rehabilitation","TYPE_LABELS.REHABILITATION"
"app/applications/erp/pages/chantiers/chantier-detail/chantier-detail.page.ts","95","35","inline_template_text","Marché","chantiers.chantier-detail.text.marche",">…<"
"app/applications/erp/pages/chantiers/chantier-detail/chantier-detail.page.ts","110","41","inline_template_text","Facturé HT","chantiers.chantier-detail.text.facture-ht",">…<"
"app/applications/erp/pages/chantiers/chantier-detail/chantier-detail.page.ts","114","41","inline_template_text","Encaissé TTC","chantiers.chantier-detail.text.encaisse-ttc",">…<"
"app/applications/erp/pages/chantiers/chantier-detail/chantier-detail.page.ts","136","20","inline_template_text","Équipe","chantiers.chantier-detail.text.equipe",">…<"
"app/applications/erp/pages/chantiers/chantier-detail/chantier-detail.page.ts","146","22","inline_template_text","Ordre de service","chantiers.chantier-detail.text.ordre-de-service",">…<"
"app/applications/erp/pages/chantiers/chantier-detail/chantier-detail.page.ts","147","22","inline_template_text","Début","chantiers.chantier-detail.text.debut",">…<"
"app/applications/erp/pages/chantiers/chantier-detail/chantier-detail.page.ts","148","22","inline_template_text","Fin prévue","chantiers.chantier-detail.text.fin-prevue",">…<"
"app/applications/erp/pages/chantiers/chantier-detail/chantier-detail.page.ts","150","24","inline_template_text","Fin réelle","chantiers.chantier-detail.text.fin-reelle",">…<"
"app/applications/erp/pages/chantiers/chantier-detail/chantier-detail.page.ts","161","24","inline_template_text","Délai paiement","chantiers.chantier-detail.text.delai-paiement",">…<"
"app/applications/erp/pages/chantiers/chantier-detail/chantier-detail.page.ts","183","24","inline_template_text","Désignation","chantiers.chantier-detail.text.designation",">…<"
"app/applications/erp/pages/chantiers/chantier-detail/chantier-detail.page.ts","184","36","inline_template_text","Quantité","chantiers.chantier-detail.text.quantite",">…<"
"app/applications/erp/pages/chantiers/chantier-detail/chantier-detail.page.ts","185","24","inline_template_text","Unité","chantiers.chantier-detail.text.unite",">…<"
"app/applications/erp/pages/chantiers/chantier-detail/chantier-detail.page.ts","207","45","inline_template_attr","Aucun lot","chantiers.chantier-detail.label.aucun-lot","title=…"
"app/applications/erp/pages/chantiers/chantier-detail/chantier-detail.page.ts","220","24","inline_template_text","Désignation","chantiers.chantier-detail.text.designation",">…<"
"app/applications/erp/pages/chantiers/chantier-detail/chantier-detail.page.ts","222","24","inline_template_text","Début","chantiers.chantier-detail.text.debut",">…<"
"app/applications/erp/pages/chantiers/chantier-detail/chantier-detail.page.ts","248","47","inline_template_attr","Aucune phase","chantiers.chantier-detail.label.aucune-phase","title=…"
"app/applications/erp/pages/chantiers/chantier-detail/chantier-detail.page.ts","258","20","inline_template_text","Synthèse budgétaire","chantiers.chantier-detail.text.synthese-budgetaire",">…<"
"app/applications/erp/pages/chantiers/chantier-detail/chantier-detail.page.ts","262","22","inline_template_text","Situations cumulées HT","chantiers.chantier-detail.text.situations-cumulees-ht",">…<"
"app/applications/erp/pages/chantiers/chantier-detail/chantier-detail.page.ts","263","22","inline_template_text","Facturé HT","chantiers.chantier-detail.text.facture-ht",">…<"
"app/applications/erp/pages/chantiers/chantier-detail/chantier-detail.page.ts","264","22","inline_template_text","Encaissé TTC","chantiers.chantier-detail.text.encaisse-ttc",">…<"
"app/applications/erp/pages/chantiers/chantier-detail/chantier-detail.page.ts","268","75","inline_template_text","Voir le détail budgétaire complet →","chantiers.chantier-detail.text.voir-le-detail-budgetaire",">…<"
"app/applications/erp/pages/chantiers/chantier-detail/chantier-detail.page.ts","286","22","inline_template_text","Brouillon calculé","chantiers.chantier-detail.text.brouillon-calcule",">…<"
"app/applications/erp/pages/chantiers/chantier-detail/chantier-detail.page.ts","288","24","inline_template_text","Marché","chantiers.chantier-detail.text.marche",">…<"
"app/applications/erp/pages/chantiers/chantier-detail/chantier-detail.page.ts","289","24","inline_template_text","Travaux période HT","chantiers.chantier-detail.text.travaux-periode-ht",">…<"
"app/applications/erp/pages/chantiers/chantier-detail/chantier-detail.page.ts","290","24","inline_template_text","Révision K","chantiers.chantier-detail.text.revision",">…<"
"app/applications/erp/pages/chantiers/chantier-detail/chantier-detail.page.ts","291","24","inline_template_text","Pénalités","chantiers.chantier-detail.text.penalites",">…<"
"app/applications/erp/pages/chantiers/chantier-detail/chantier-detail.page.ts","298","24","inline_template_text","Par lot","chantiers.chantier-detail.text.par-lot",">…<"
"app/applications/erp/pages/chantiers/chantier-detail/chantier-detail.page.ts","300","61","inline_template_text","Montant HT période","chantiers.chantier-detail.text.montant-ht-periode",">…<"
"app/applications/erp/pages/chantiers/chantier-detail/chantier-detail.page.ts","311","34","inline_template_text","Aucun marché lié à ce chantier dans la démo — liaison requise pour la génération.","chantiers.chantier-detail.text.aucun-marche-lie-ce",">…<"
"app/applications/erp/pages/chantiers/chantier-detail/chantier-detail.page.ts","324","48","inline_template_attr","Documents à venir","chantiers.chantier-detail.label.documents-venir","title=…"
"app/applications/erp/pages/chantiers/chantier-detail/chantier-detail.page.ts","330","80","inline_template_text","Retour à la liste","chantiers.chantier-detail.text.retour-la-liste",">…<"
"app/applications/erp/pages/chantiers/chantiers-listing/chantiers-listing.page.ts","13","23","status_label","En cours","chantiers.chantiers-listing.status.en-cours","STATUS_LABELS.EN_COURS"
"app/applications/erp/pages/chantiers/chantiers-listing/chantiers-listing.page.ts","15","23","status_label","Terminé","chantiers.chantiers-listing.status.termine","STATUS_LABELS.TERMINE"
"app/applications/erp/pages/chantiers/chantiers-listing/chantiers-listing.page.ts","16","21","status_label","Réceptionné","chantiers.chantiers-listing.status.receptionne","STATUS_LABELS.RECEPTIONNE"
"app/applications/erp/pages/chantiers/chantiers-listing/chantiers-listing.page.ts","17","29","status_label","Clôturé","chantiers.chantiers-listing.status.cloture","STATUS_LABELS.CLOTURE"
"app/applications/erp/pages/chantiers/chantiers-listing/chantiers-listing.page.ts","18","21","status_label","Annulé","chantiers.chantiers-listing.status.annule","STATUS_LABELS.ANNULE"
"app/applications/erp/pages/chantiers/chantiers-listing/chantiers-listing.page.ts","33","1","type_label","Bâtiment","chantiers.chantiers-listing.label.batiment","TYPE_LABELS.BATIMENT"
"app/applications/erp/pages/chantiers/chantiers-listing/chantiers-listing.page.ts","36","13","type_label","Gros œuvre","chantiers.chantiers-listing.label.gros-uvre","TYPE_LABELS.GO"
"app/applications/erp/pages/chantiers/chantiers-listing/chantiers-listing.page.ts","38","13","type_label","Réhabilitation","chantiers.chantiers-listing.label.rehabilitation","TYPE_LABELS.REHABILITATION"
"app/applications/erp/pages/chantiers/chantiers-listing/chantiers-listing.page.ts","65","27","inline_template_text","Tous les statuts","chantiers.chantiers-listing.text.tous-les-statuts",">…<"
"app/applications/erp/pages/chantiers/chantiers-listing/chantiers-listing.page.ts","91","18","inline_template_text","Début","chantiers.chantiers-listing.text.debut",">…<"
"app/applications/erp/pages/chantiers/chantiers-listing/chantiers-listing.page.ts","92","18","inline_template_text","Fin prévue","chantiers.chantiers-listing.text.fin-prevue",">…<"
"app/applications/erp/pages/chantiers/chantiers-listing/chantiers-listing.page.ts","124","49","inline_template_text","Aucun chantier correspondant aux filtres.","chantiers.chantiers-listing.text.aucun-chantier-correspondant-aux",">…<"
"app/applications/erp/pages/chantiers/detail/chantier-detail-placeholder.page.ts","36","82","inline_template_text","Retour planning","chantiers.detail.text.retour-planning",">…<"
"app/applications/erp/pages/chantiers/documents/documents-listing/documents-listing.page.ts","37","27","inline_template_text","Tous les types","chantiers.documents.text.tous-les-types",">…<"
"app/applications/erp/pages/chantiers/documents/documents-listing/documents-listing.page.ts","59","34","inline_template_text","Déposé le  par","chantiers.documents.text.depose-le-par",">…<"
"app/applications/erp/pages/chantiers/documents/documents-listing/documents-listing.page.ts","63","27","inline_template_text","Aucun document correspondant aux filtres.","chantiers.documents.text.aucun-document-correspondant-aux",">…<"
"app/applications/erp/pages/chantiers/documents/models/index.ts","4","1","type_label","Marché","chantiers.documents.label.marche","DOCUMENT_TYPE_LABELS.MARCHE"
"app/applications/erp/pages/chantiers/documents/models/index.ts","6","21","type_label","PV de réception","chantiers.documents.label.pv-de-reception","DOCUMENT_TYPE_LABELS.PV_RECEPTION"
"app/applications/erp/pages/chantiers/documents/models/index.ts","9","17","type_label","Bon de commande","chantiers.documents.label.bon-de-commande","DOCUMENT_TYPE_LABELS.BC"
"app/applications/erp/pages/chantiers/journal/journal-chantier.page.ts","28","27","type_label","Intempérie","chantiers.journal.label.intemperie","TYPE_LABELS.INTEMPERIE"
"app/applications/erp/pages/chantiers/journal/journal-chantier.page.ts","31","23","type_label","Ordre de service","chantiers.journal.label.ordre-de-service","TYPE_LABELS.ORDRE_SERVICE"
"app/applications/erp/pages/chantiers/journal/journal-chantier.page.ts","32","36","type_label","Réunion","chantiers.journal.label.reunion","TYPE_LABELS.REUNION"
"app/applications/erp/pages/chantiers/journal/journal-chantier.page.ts","115","27","inline_template_text","Tous les types","chantiers.journal.text.tous-les-types",">…<"
"app/applications/erp/pages/chantiers/journal/journal-chantier.page.ts","148","38","inline_template_text","Saisi par","chantiers.journal.text.saisi-par",">…<"
"app/applications/erp/pages/chantiers/journal/journal-chantier.page.ts","152","29","inline_template_text","Aucun événement enregistré.","chantiers.journal.text.aucun-evenement-enregistre",">…<"
"app/applications/erp/pages/chantiers/planning/chantiers-planning.page.html","39","11","template_attr","Aucune phase planifiee pour cette selection","chantiers.planning.label.aucune-phase-planifiee-pour","title=…"
"app/applications/erp/pages/chantiers/planning/components/gantt-toolbar/gantt-toolbar.component.ts","25","14","inline_template_text","Période","chantiers.planning.text.periode",">…<"
"app/applications/erp/pages/chantiers/planning/components/gantt-toolbar/gantt-toolbar.component.ts","27","37","inline_template_text","Ce mois","chantiers.planning.text.ce-mois",">…<"
"app/applications/erp/pages/chantiers/planning/components/gantt-toolbar/gantt-toolbar.component.ts","28","39","inline_template_text","Ce trimestre","chantiers.planning.text.ce-trimestre",">…<"
"app/applications/erp/pages/chantiers/planning/components/gantt-toolbar/gantt-toolbar.component.ts","29","36","inline_template_text","Cette année","chantiers.planning.text.cette-annee",">…<"
"app/applications/erp/pages/chantiers/planning/components/gantt-toolbar/gantt-toolbar.component.ts","31","30","inline_template_text","Tout","chantiers.planning.text.tout",">…<"
"app/applications/erp/pages/chantiers/planning/components/gantt-toolbar/gantt-toolbar.component.ts","36","14","inline_template_text","Granularité","chantiers.planning.text.granularite",">…<"
"app/applications/erp/pages/chantiers/planning/components/gantt-toolbar/gantt-toolbar.component.ts","57","90","inline_template_text","Plein écran","chantiers.planning.text.plein-ecran",">…<"
"app/applications/erp/pages/chantiers/planning/components/phase-drawer/phase-drawer.component.ts","13","32","inline_template_attr","Détail phase","chantiers.planning.label.detail-phase","title=…"
"app/applications/erp/pages/chantiers/planning/components/phase-drawer/phase-drawer.component.ts","26","21","inline_template_text","Équipe","chantiers.planning.text.equipe",">…<"
"app/applications/erp/pages/chantiers/planning/components/phase-drawer/phase-drawer.component.ts","29","21","inline_template_text","Début","chantiers.planning.text.debut",">…<"
"app/applications/erp/pages/chantiers/planning/components/phase-drawer/phase-drawer.component.ts","32","18","inline_template_text","Quantité","chantiers.planning.text.quantite",">…<"
"app/applications/erp/pages/chantiers/planning/components/phase-drawer/phase-drawer.component.ts","41","21","inline_template_text","Dépendances","chantiers.planning.text.dependances",">…<"
"app/applications/erp/pages/chantiers/situations/components/decompte-print/decompte-print.component.html","10","32","template_text","Décompte de travaux","chantiers.situations.text.decompte-de-travaux",">…<"
"app/applications/erp/pages/chantiers/situations/components/decompte-print/decompte-print.component.html","22","28","template_text","Période :","chantiers.situations.text.periode",">…<"
"app/applications/erp/pages/chantiers/situations/components/decompte-print/decompte-print.component.html","27","28","template_text","Date émission :","chantiers.situations.text.date-emission",">…<"
"app/applications/erp/pages/chantiers/situations/components/decompte-print/decompte-print.component.html","33","23","template_text","Détail des lots — cumul à date","chantiers.situations.text.detail-des-lots-cumul",">…<"
"app/applications/erp/pages/chantiers/situations/components/decompte-print/decompte-print.component.html","38","14","template_text","Désignation","chantiers.situations.text.designation",">…<"
"app/applications/erp/pages/chantiers/situations/components/decompte-print/decompte-print.component.html","39","14","template_text","Unité","chantiers.situations.text.unite",">…<"
"app/applications/erp/pages/chantiers/situations/components/decompte-print/decompte-print.component.html","40","24","template_text","Qté tot.","chantiers.situations.text.qte-tot",">…<"
"app/applications/erp/pages/chantiers/situations/components/decompte-print/decompte-print.component.html","41","24","template_text","Qté cumul","chantiers.situations.text.qte-cumul",">…<"
"app/applications/erp/pages/chantiers/situations/components/decompte-print/decompte-print.component.html","69","23","template_text","Décompte","chantiers.situations.text.decompte",">…<"
"app/applications/erp/pages/chantiers/situations/components/decompte-print/decompte-print.component.html","72","12","template_text","Cumul travaux exécutés HT","chantiers.situations.text.cumul-travaux-executes-ht",">…<"
"app/applications/erp/pages/chantiers/situations/components/decompte-print/decompte-print.component.html","80","12","template_text","▶ Travaux période HT","chantiers.situations.text.travaux-periode-ht",">…<"
"app/applications/erp/pages/chantiers/situations/components/decompte-print/decompte-print.component.html","89","14","template_text","– Résorption avance (%)","chantiers.situations.text.resorption-avance",">…<"
"app/applications/erp/pages/chantiers/situations/components/decompte-print/decompte-print.component.html","94","12","template_text","▶ Net à payer HT","chantiers.situations.text.net-payer-ht",">…<"
"app/applications/erp/pages/chantiers/situations/components/decompte-print/decompte-print.component.html","102","12","template_text","▶ Net à payer TTC","chantiers.situations.text.net-payer-ttc",">…<"
"app/applications/erp/pages/chantiers/situations/components/decompte-print/decompte-print.component.html","116","41","template_text","Pour l'entrepreneur","chantiers.situations.text.pour-entrepreneur",">…<"
"app/applications/erp/pages/chantiers/situations/components/decompte-print/decompte-print.component.html","120","41","template_text","Pour le maître d'ouvrage","chantiers.situations.text.pour-le-maitre-ouvrage",">…<"
"app/applications/erp/pages/chantiers/situations/config/listing/columns.ts","7","21","status_label","Validée MOA","chantiers.situations.status.validee-moa","STATUS_LABELS.VALIDEE_MOA"
"app/applications/erp/pages/chantiers/situations/config/listing/columns.ts","8","29","status_label","Facturée","chantiers.situations.status.facturee","STATUS_LABELS.FACTUREE"
"app/applications/erp/pages/chantiers/situations/config/listing/columns.ts","9","23","status_label","Payée","chantiers.situations.status.payee","STATUS_LABELS.PAYEE"
"app/applications/erp/pages/chantiers/situations/config/listing/columns.ts","10","17","status_label","Rejetée","chantiers.situations.status.rejetee","STATUS_LABELS.REJETEE"
"app/applications/erp/pages/chantiers/situations/print/situation-print.component.ts","30","16","inline_template_text","SITUATION DE TRAVAUX N°","chantiers.situations.text.situation-de-travaux",">…<"
"app/applications/erp/pages/chantiers/situations/print/situation-print.component.ts","31","15","inline_template_text","Période :  →","chantiers.situations.text.periode",">…<"
"app/applications/erp/pages/chantiers/situations/print/situation-print.component.ts","41","20","inline_template_text","Lot / Désignation","chantiers.situations.text.lot-designation",">…<"
"app/applications/erp/pages/chantiers/situations/print/situation-print.component.ts","41","46","inline_template_text","Unité","chantiers.situations.text.unite",">…<"
"app/applications/erp/pages/chantiers/situations/print/situation-print.component.ts","41","103","inline_template_text","Q. Cumulée","chantiers.situations.text.cumulee",">…<"
"app/applications/erp/pages/chantiers/situations/print/situation-print.component.ts","41","134","inline_template_text","Montant HT","chantiers.situations.text.montant-ht",">…<"
"app/applications/erp/pages/chantiers/situations/print/situation-print.component.ts","59","20","inline_template_text","Cumul précédent HT (situation N° )","chantiers.situations.text.cumul-precedent-ht-situation",">…<"
"app/applications/erp/pages/chantiers/situations/print/situation-print.component.ts","61","20","inline_template_text","Travaux de la période HT","chantiers.situations.text.travaux-de-la-periode",">…<"
"app/applications/erp/pages/chantiers/situations/print/situation-print.component.ts","62","38","inline_template_text","Retenue de garantie %","chantiers.situations.text.retenue-de-garantie",">…<"
"app/applications/erp/pages/chantiers/situations/print/situation-print.component.ts","66","45","inline_template_text","Net à payer HT","chantiers.situations.text.net-payer-ht",">…<"
"app/applications/erp/pages/chantiers/situations/print/situation-print.component.ts","68","42","inline_template_text","NET À PAYER TTC","chantiers.situations.text.net-payer-ttc",">…<"
"app/applications/erp/pages/chantiers/situations/print/situation-print.component.ts","79","15","inline_template_text","Établi par (MOE)","chantiers.situations.text.etabli-par-moe",">…<"
"app/applications/erp/pages/chantiers/situations/print/situation-print.component.ts","84","15","inline_template_text","Visa du Maître d'Ouvrage (MOA)","chantiers.situations.text.visa-du-maitre-ouvrage",">…<"
"app/applications/erp/pages/chantiers/situations/print/situation-print.component.ts","92","13","inline_template_text","— SARL AU — ICE  —","chantiers.situations.text.sarl-au-ice",">…<"
"app/applications/erp/pages/chantiers/situations/print/situation-print.component.ts","93","13","inline_template_text","Situation N°  · Période","chantiers.situations.text.situation-periode",">…<"
"app/applications/erp/pages/chantiers/situations/situation-detail/components/decompte-card/decompte-card.component.html","2","25","template_text","Décompte","chantiers.situations.text.decompte",">…<"
"app/applications/erp/pages/chantiers/situations/situation-detail/components/decompte-card/decompte-card.component.html","4","10","template_text","Cumul travaux exécutés HT","chantiers.situations.text.cumul-travaux-executes-ht",">…<"
"app/applications/erp/pages/chantiers/situations/situation-detail/components/decompte-card/decompte-card.component.html","12","10","template_text","▶ Travaux période HT","chantiers.situations.text.travaux-periode-ht",">…<"
"app/applications/erp/pages/chantiers/situations/situation-detail/components/decompte-card/decompte-card.component.html","21","12","template_text","– Résorption avance (%)","chantiers.situations.text.resorption-avance",">…<"
"app/applications/erp/pages/chantiers/situations/situation-detail/components/decompte-card/decompte-card.component.html","26","10","template_text","▶ Net à payer HT","chantiers.situations.text.net-payer-ht",">…<"
"app/applications/erp/pages/chantiers/situations/situation-detail/components/decompte-card/decompte-card.component.html","36","10","template_text","▶ Net à payer TTC","chantiers.situations.text.net-payer-ttc",">…<"
"app/applications/erp/pages/chantiers/situations/situation-detail/components/lots-saisie-table/lots-saisie-table.component.html","18","14","template_text","Désignation","chantiers.situations.text.designation",">…<"
"app/applications/erp/pages/chantiers/situations/situation-detail/components/lots-saisie-table/lots-saisie-table.component.html","19","14","template_text","Unité","chantiers.situations.text.unite",">…<"
"app/applications/erp/pages/chantiers/situations/situation-detail/components/lots-saisie-table/lots-saisie-table.component.html","20","31","template_text","Qté tot.","chantiers.situations.text.qte-tot",">…<"
"app/applications/erp/pages/chantiers/situations/situation-detail/components/lots-saisie-table/lots-saisie-table.component.html","21","31","template_text","Qté préc.","chantiers.situations.text.qte-prec",">…<"
"app/applications/erp/pages/chantiers/situations/situation-detail/components/lots-saisie-table/lots-saisie-table.component.html","22","31","template_text","Qté cumul","chantiers.situations.text.qte-cumul",">…<"
"app/applications/erp/pages/chantiers/situations/situation-detail/situation-detail.page.ts","221","19","prompt","Motif de rejet (obligatoire) :","chantiers.situations.confirm.motif-de-rejet-obligatoire","prompt(…)"
"app/applications/erp/pages/chantiers/sous-traitance/sous-traitance-listing/sous-traitance-listing.page.ts","19","25","status_label","Signé","chantiers.sous-traitance.status.signe","STATUS_LABELS.SIGNE"
"app/applications/erp/pages/chantiers/sous-traitance/sous-traitance-listing/sous-traitance-listing.page.ts","20","17","status_label","En cours","chantiers.sous-traitance.status.en-cours","STATUS_LABELS.EN_COURS"
"app/applications/erp/pages/chantiers/sous-traitance/sous-traitance-listing/sous-traitance-listing.page.ts","21","23","status_label","Terminé","chantiers.sous-traitance.status.termine","STATUS_LABELS.TERMINE"
"app/applications/erp/pages/chantiers/sous-traitance/sous-traitance-listing/sous-traitance-listing.page.ts","22","21","status_label","Résilié","chantiers.sous-traitance.status.resilie","STATUS_LABELS.RESILIE"
"app/applications/erp/pages/chantiers/sous-traitance/sous-traitance-listing/sous-traitance-listing.page.ts","57","13","inline_template_attr","N° contrat, sous-traitant, chantier…","chantiers.sous-traitance.label.contrat-sous-traitant-chantier","placeholder=…"
"app/applications/erp/pages/chantiers/sous-traitance/sous-traitance-listing/sous-traitance-listing.page.ts","69","48","inline_template_attr","Filtrer par statut","chantiers.sous-traitance.label.filtrer-par-statut","aria-label=…"
"app/applications/erp/pages/chantiers/sous-traitance/sous-traitance-listing/sous-traitance-listing.page.ts","88","18","inline_template_text","Sous-traitant","chantiers.sous-traitance.text.sous-traitant",">…<"
"app/applications/erp/pages/chantiers/sous-traitance/sous-traitance-listing/sous-traitance-listing.page.ts","92","30","inline_template_text","Montant HT","chantiers.sous-traitance.text.montant-ht",">…<"
"app/applications/erp/pages/chantiers/sous-traitance/sous-traitance-listing/sous-traitance-listing.page.ts","95","18","inline_template_text","Début","chantiers.sous-traitance.text.debut",">…<"
"app/applications/erp/pages/chantiers/sous-traitance/sous-traitance-listing/sous-traitance-listing.page.ts","129","49","inline_template_text","Aucun contrat correspondant aux filtres.","chantiers.sous-traitance.text.aucun-contrat-correspondant-aux",">…<"
"app/applications/erp/pages/chantiers/sous-traitance/sous-traitance-listing/sous-traitance-listing.page.ts","378","10","toast","Création de contrat sous-traitance — prochainement.","chantiers.sous-traitance.toast.creation-de-contrat-sous-traitance","toast.info()"
"app/applications/erp/pages/etudes/appels-offres-clients/config/listing/columns.ts","5","1","status_label","À étudier","etudes.appels-offres-clients.status.etudier","STATUS_LABELS.A_ETUDIER"
"app/applications/erp/pages/etudes/appels-offres-clients/config/listing/columns.ts","6","25","status_label","En préparation","etudes.appels-offres-clients.status.en-preparation","STATUS_LABELS.EN_PREPARATION"
"app/applications/erp/pages/etudes/appels-offres-clients/config/listing/columns.ts","8","19","status_label","Attribué","etudes.appels-offres-clients.status.attribue","STATUS_LABELS.ATTRIBUE"
"app/applications/erp/pages/etudes/appels-offres-clients/config/listing/columns.ts","11","29","status_label","Annulé","etudes.appels-offres-clients.status.annule","STATUS_LABELS.ANNULE"
"app/applications/erp/pages/etudes/appels-offres-clients/config/listing/columns.ts","27","19","type_label","Privé","etudes.appels-offres-clients.label.prive","TYPE_LABELS.PRIVE"
"app/applications/erp/pages/etudes/bibliotheque-prix/config/listing/columns.ts","4","31","status_label","Gros œuvre","etudes.bibliotheque-prix.status.gros-uvre","CATEGORY_LABELS.GO"
"app/applications/erp/pages/etudes/bibliotheque-prix/config/listing/columns.ts","6","25","status_label","Étanchéité","etudes.bibliotheque-prix.status.etancheite","CATEGORY_LABELS.ETANCHEITE"
"app/applications/erp/pages/etudes/bibliotheque-prix/config/listing/columns.ts","8","22","status_label","Revêtements","etudes.bibliotheque-prix.status.revetements","CATEGORY_LABELS.REVETEMENT"
"app/applications/erp/pages/etudes/bibliotheque-prix/config/listing/columns.ts","10","27","status_label","Électricité","etudes.bibliotheque-prix.status.electricite","CATEGORY_LABELS.ELECTRICITE"
"app/applications/erp/pages/etudes/devis/config/listing/columns.ts","6","25","status_label","Émis","etudes.devis.status.emis","STATUS_LABELS.EMIS"
"app/applications/erp/pages/etudes/devis/config/listing/columns.ts","7","15","status_label","Négociation","etudes.devis.status.negociation","STATUS_LABELS.NEGOCIATION"
"app/applications/erp/pages/etudes/devis/config/listing/columns.ts","8","29","status_label","Approuvé","etudes.devis.status.approuve","STATUS_LABELS.APPROUVE"
"app/applications/erp/pages/etudes/devis/config/listing/columns.ts","10","17","status_label","Annulé","etudes.devis.status.annule","STATUS_LABELS.ANNULE"
"app/applications/erp/pages/etudes/devis/config/listing/columns.ts","11","19","status_label","Expiré","etudes.devis.status.expire","STATUS_LABELS.EXPIRE"
"app/applications/erp/pages/etudes/devis/devis-detail/devis-detail.page.html","32","24","template_text","Émis le  · Valable jusqu'au","etudes.devis.text.emis-le-valable-jusqu",">…<"
"app/applications/erp/pages/etudes/devis/devis-detail/devis-detail.page.html","39","23","template_text","Désignation","etudes.devis.text.designation",">…<"
"app/applications/erp/pages/etudes/devis/devis-detail/devis-detail.page.html","39","99","template_text","Total HT","etudes.devis.text.total-ht",">…<"
"app/applications/erp/pages/etudes/devis/devis-detail/devis-detail.page.html","52","13","template_text","Total HT","etudes.devis.text.total-ht",">…<"
"app/applications/erp/pages/etudes/devis/devis-detail/devis-detail.page.html","54","13","template_text","Total TTC","etudes.devis.text.total-ttc",">…<"
"app/applications/erp/pages/etudes/metres/config/listing/columns.ts","6","25","status_label","Terminé","etudes.metres.status.termine","STATUS_LABELS.TERMINE"
"app/applications/erp/pages/etudes/metres/services/metre-api.service.ts","78","13","error","Métré ${id} introuvable","etudes.metres.error.metre-id-introuvable","throw new Error(…)"
